,City,Cloudiness %,Coutry,Date,Humidity %,Latitude,Long,Temperature (F),Wind Speed (mph)
0,Turbat,85,PK,1567105830.0,56,26.0,63.05,85.55,8.66
1,Guadalupe y Calvo,53,MX,1567105864.0,43,26.09,-106.96,77.09,5.57
2,Saskylakh,71,RU,1567105747.0,83,71.97,114.09,37.49,4.12
3,Palmer,75,US,1567105502.0,71,61.6,-149.11,60.01,4.7
4,Berezovyy,100,RU,1567105418.0,98,51.67,135.7,53.33,3.49
6,Slave Lake,1,CA,1567105866.0,82,55.28,-114.77,55.4,5.82
7,Nanakuli,1,US,1567105866.0,62,21.39,-158.15,84.2,4.7
8,Poya,100,NC,1567105574.0,77,-21.35,165.16,69.89,17.72
10,Longyearbyen,75,SJ,1567105408.0,81,78.22,15.64,48.2,23.04
11,New Norfolk,20,AU,1567105573.0,80,-42.78,147.06,41.0,9.17
12,Saint-Philippe,90,RE,1567105667.0,68,-21.36,55.77,73.4,5.82
13,Cape Town,75,ZA,1567105429.0,62,-33.93,18.42,55.99,3.36
14,Upernavik,8,GL,1567105570.0,80,72.79,-56.15,42.35,2.39
15,Manoel Urbano,30,BR,1567105869.0,40,-8.84,-69.26,91.85,2.1
17,Paamiut,0,GL,1567105701.0,60,61.99,-49.67,46.67,25.37
18,Lompoc,1,US,1567105683.0,77,34.64,-120.46,82.0,8.05
19,Yellowknife,75,CA,1567105616.0,66,62.45,-114.38,50.0,8.05
20,Rikitea,88,PF,1567105596.0,78,-23.12,-134.97,70.07,23.53
21,Provideniya,100,RU,1567105398.0,90,64.42,-173.23,45.59,4.9
22,Zonguldak,0,TR,1567105871.0,75,41.25,31.83,75.83,19.15
23,Champerico,20,GT,1567105718.0,52,14.3,-91.92,91.4,9.17
25,Avarua,46,CK,1567105604.0,68,-21.21,-159.78,71.6,8.05
26,Kampot,75,KH,1567105872.0,83,10.62,104.18,82.4,17.22
27,Vuktyl,74,RU,1567105873.0,86,63.86,57.31,39.11,8.93
28,Hutchinson,1,US,1567105624.0,49,38.06,-97.93,93.0,17.22
29,Clonakilty,75,IE,1567105874.0,82,51.62,-8.87,60.8,13.87
30,Chokurdakh,100,RU,1567105584.0,84,70.62,147.9,34.97,5.53
31,Abu Dhabi,0,AE,1567105875.0,63,24.47,54.37,95.0,5.82
32,Kirakira,98,SB,1567105550.0,80,-10.46,161.92,77.45,2.77
33,Qaanaaq,100,GL,1567105607.0,87,77.48,-69.36,40.73,10.74
34,Papenburg,27,DE,1567105876.0,72,53.08,7.39,69.01,2.24
35,Hermanus,99,ZA,1567105583.0,75,-34.42,19.24,53.01,11.54
36,Tazovskiy,100,RU,1567105642.0,93,67.47,78.7,42.35,9.64
37,Bon Accord,75,CA,1567105877.0,67,53.84,-113.41,63.0,3.36
38,Busselton,39,AU,1567105581.0,60,-33.64,115.35,57.99,26.49
39,Albany,90,AU,1567105590.0,87,-35.02,117.88,57.2,13.87
40,East London,75,ZA,1567105348.0,63,-33.02,27.91,62.6,10.29
41,Derzhavinsk,43,KZ,1567105881.0,77,51.1,66.31,53.87,12.82
42,Kieta,95,PG,1567105834.0,79,-6.22,155.63,78.89,5.37
43,Havelock,20,US,1567105412.0,43,34.88,-76.9,90.0,8.05
44,Ushuaia,75,AR,1567105585.0,75,-54.81,-68.31,41.0,23.04
45,Ugoofaaru,100,MV,1567105472.0,71,5.67,73.0,82.31,11.65
46,Lorengau,23,PG,1567105584.0,80,-2.02,147.27,80.87,10.83
47,Butaritari,100,KI,1567105600.0,70,3.07,172.79,83.57,5.82
48,Man,89,CI,1567105883.0,97,7.41,-7.55,70.25,2.39
49,San Juan,75,US,1567105800.0,37,26.19,-98.16,99.0,6.93
50,Alofi,42,NU,1567105884.0,88,-19.06,-169.92,66.2,3.36
51,Severo-Kurilsk,100,RU,1567105648.0,97,50.68,156.12,50.45,6.55
52,Ribeira Grande,20,PT,1567105659.0,69,38.52,-28.7,73.4,4.7
53,Timmins,75,CA,1567105885.0,59,48.48,-81.33,62.6,9.17
54,Hobart,20,AU,1567105545.0,80,-42.88,147.33,41.0,9.17
55,Kapaa,20,US,1567105605.0,70,22.08,-159.32,84.2,5.82
56,Nanortalik,0,GL,1567105374.0,78,60.14,-45.24,44.15,5.03
57,Shingu,88,JP,1567105886.0,98,33.72,135.99,70.07,4.34
58,Jamestown,83,SH,1567105580.0,73,-15.94,-5.72,67.37,21.79
59,Shiraz,0,IR,1567105887.0,15,29.61,52.54,82.4,4.7
60,Acapulco,40,MX,1567105702.0,74,16.86,-99.88,87.8,6.93
61,Birjand,0,IR,1567105888.0,22,32.86,59.22,77.0,13.87
62,Port Alfred,6,ZA,1567105594.0,73,-33.59,26.89,60.01,4.0
63,Portland,97,AU,1567105477.0,98,-33.35,149.98,45.0,3.0
64,Los Llanos de Aridane,75,ES,1567105418.0,73,28.66,-17.92,75.2,17.22
65,Faanui,44,PF,1567105425.0,70,-16.48,-151.75,78.89,8.14
66,Seoul,90,KR,1567105845.0,106,37.57,126.98,71.6,2.24
67,Salalah,75,OM,1567105753.0,94,17.01,54.1,78.8,6.93
68,Chuy,64,UY,1567105578.0,71,-33.69,-53.46,68.81,5.64
69,Xuddur,46,SO,1567105890.0,55,4.12,43.89,79.61,18.05
70,Arraial do Cabo,75,BR,1567105669.0,73,-22.97,-42.02,73.4,17.22
71,Tasiilaq,20,GL,1567105597.0,75,65.61,-37.64,44.6,4.7
72,Kodiak,40,US,1567105630.0,70,39.95,-94.76,90.0,16.11
73,Nelson Bay,75,AU,1567105742.0,93,-32.72,152.14,53.01,10.29
76,Cermik,0,TR,1567105892.0,26,38.14,39.45,78.8,5.82
77,Bredasdorp,99,ZA,1567105589.0,57,-34.53,20.04,50.0,6.93
78,Puerto Ayora,40,EC,1567105630.0,69,-0.74,-90.35,77.0,8.05
79,Sept-Iles,90,CA,1567105594.0,93,50.2,-66.38,59.0,18.34
80,Saint-Pierre,75,PM,1567105632.0,77,46.77,-56.17,62.6,8.05
81,Castro,75,CL,1567105597.0,76,-42.48,-73.76,50.0,12.75
82,Zemio,97,CF,1567105894.0,92,5.02,25.13,71.33,3.38
83,Hilo,90,US,1567105570.0,69,19.71,-155.08,79.0,6.93
84,Raymond,75,CA,1567105895.0,32,49.47,-112.67,73.99,8.05
85,Fortuna,75,US,1567105410.0,64,40.6,-124.16,71.6,5.82
87,Launceston,0,AU,1567105896.0,96,-41.43,147.14,35.01,4.7
88,Srikakulam,99,IN,1567105672.0,87,18.29,83.89,80.87,1.34
89,Narsaq,20,GL,1567105728.0,51,60.91,-46.05,59.0,9.17
90,Alta Floresta,57,BR,1567105648.0,13,-9.87,-56.08,103.37,3.09
91,Benghazi,0,LY,1567105897.0,75,32.12,20.07,80.51,15.7
92,Kaitangata,71,NZ,1567105598.0,62,-46.28,169.85,45.0,14.0
93,Nazret,70,ET,1567105898.0,88,8.55,39.27,61.25,10.54
96,Talnakh,75,RU,1567105403.0,93,69.49,88.39,50.0,8.95
97,Coihaique,40,CL,1567105793.0,99,-45.58,-72.07,48.2,2.24
98,Vaini,20,TO,1567105581.0,82,-21.2,-175.2,66.2,6.93
99,Kiama,75,AU,1567105900.0,100,-34.67,150.86,55.99,16.11
100,Tautira,20,PF,1567105428.0,65,-17.73,-149.15,82.4,8.05
101,Lagoa,0,PT,1567105395.0,51,37.14,-8.45,84.99,6.93
102,Coahuayana,9,MX,1567105696.0,67,18.62,-100.35,85.55,2.66
103,Fort Walton Beach,1,US,1567105855.0,43,30.41,-86.62,95.0,5.82
104,San Mateo del Mar,3,MX,1567105901.0,47,16.21,-94.98,91.85,18.95
105,Guerrero Negro,85,MX,1567105378.0,82,27.97,-114.04,70.43,8.84
107,Kaeo,0,NZ,1567105902.0,100,-35.1,173.78,42.01,3.11
108,Hithadhoo,96,MV,1567105579.0,59,-0.6,73.08,83.03,4.25
109,San Patricio,40,MX,1567105644.0,66,19.22,-104.7,91.4,6.93
110,Praia,75,CV,1567105903.0,70,14.92,-23.51,84.2,6.93
111,Nyurba,17,RU,1567105904.0,91,63.29,118.35,49.73,1.14
112,Rafraf,75,TN,1567105904.0,83,37.19,10.18,77.0,3.36
113,Mount Gambier,30,AU,1567105737.0,93,-37.83,140.78,35.6,11.43
114,Sabratah,0,LY,1567105905.0,73,32.79,12.49,81.41,23.04
115,Luganville,75,VU,1567105905.0,69,-15.51,167.18,77.0,16.11
116,Zhelyabovka,0,UA,1567105906.0,67,45.4,34.76,64.49,8.1
117,Punta Arenas,75,CL,1567105595.0,70,-53.16,-70.91,42.8,27.51
118,Carnarvon,0,AU,1567105705.0,100,-24.87,113.63,64.4,6.93
119,Popondetta,59,PG,1567105907.0,92,-8.77,148.24,62.87,3.31
120,Vao,100,NC,1567105670.0,77,-22.67,167.48,69.71,18.68
121,Pacific Grove,1,US,1567105400.0,60,36.62,-121.92,78.01,4.7
122,Toamasina,40,MG,1567105908.0,88,-18.17,49.38,68.0,1.12
123,Kununurra,51,AU,1567105589.0,62,-15.77,128.74,51.8,1.12
124,Bambous Virieux,75,MU,1567105626.0,69,-20.34,57.76,73.4,10.29
125,Chifeng,0,CN,1567105909.0,72,42.27,118.96,56.03,14.25
126,Presidente Medici,16,BR,1567105909.0,21,-11.18,-61.9,99.77,5.66
127,Igurusi,0,TZ,1567105910.0,54,-8.83,33.85,56.39,6.35
128,Linxia,90,CN,1567105910.0,74,35.6,103.21,55.31,2.73
129,Trairi,37,BR,1567105777.0,29,-3.28,-39.27,94.19,9.01
130,Talara,0,PE,1567105887.0,290,-4.58,-81.27,62.6,10.29
131,Jalu,0,LY,1567105911.0,21,29.03,21.55,88.61,9.08
132,Seia,0,PT,1567105912.0,57,40.42,-7.7,84.99,3.0
133,Dikson,100,RU,1567105645.0,95,73.51,80.55,42.35,17.45
134,Thompson,75,CA,1567105602.0,44,55.74,-97.86,59.0,21.92
135,Lugovoy,79,RU,1567105913.0,85,59.72,65.88,46.49,9.66
136,Oudtshoorn,20,ZA,1567105913.0,66,-33.59,22.2,50.0,5.82
137,Albina,16,SR,1567105913.0,76,5.5,-54.05,83.39,6.06
138,Komsomolskiy,100,RU,1567105483.0,77,67.55,63.78,39.83,10.63
139,Garissa,40,KE,1567105914.0,61,-0.46,39.64,79.25,21.47
141,Ferme-Neuve,46,CA,1567105915.0,65,46.7,-75.45,67.37,8.16
142,Asosa,100,ET,1567105432.0,97,10.07,34.53,66.29,0.63
143,Manado,20,ID,1567105916.0,88,1.49,124.85,69.8,3.36
144,Luanda,75,AO,1567105214.0,78,-8.83,13.24,73.4,8.05
145,Meadow Lake,75,CA,1567105916.0,62,54.13,-108.44,59.0,9.17
146,Segamat,75,MY,1567105917.0,83,2.51,102.82,82.4,1.72
147,Tuktoyaktuk,75,CA,1567105609.0,69,69.44,-133.03,39.2,4.7
150,Borazjan,0,IR,1567105918.0,59,29.27,51.21,95.0,2.28
151,Nikolskoye,0,RU,1567105579.0,63,59.7,30.79,66.99,8.95
152,Itoman,75,JP,1567105782.0,88,26.12,127.67,82.4,6.93
153,Klaksvik,75,FO,1567105752.0,100,62.23,-6.59,51.8,17.22
154,Khulo,20,GE,1567105919.0,94,41.64,42.31,75.2,5.82
155,Caconda,0,AO,1567105920.0,12,-13.73,15.06,71.51,5.37
156,Fushun,28,CN,1567105920.0,100,41.89,123.95,60.8,4.47
157,Sola,90,VU,1567105401.0,78,-13.88,167.55,80.6,17.22
158,Bluff,100,NZ,1567105621.0,89,-46.6,168.33,44.01,7.0
159,Anadyr,75,RU,1567105493.0,81,64.73,177.51,50.0,13.42
160,Atuona,50,PF,1567105577.0,76,-9.8,-139.03,79.43,22.15
161,Maputo,20,MZ,1567105639.0,78,-25.97,32.57,71.6,12.75
162,Omsukchan,100,RU,1567105398.0,84,62.53,155.8,38.03,5.99
163,Kruisfontein,51,ZA,1567105691.0,82,-34.0,24.73,49.19,9.89
164,Mar del Plata,5,AR,1567105434.0,27,-46.43,-67.52,49.19,23.15
165,Margate,88,ZA,1567105485.0,92,-30.86,30.37,59.09,1.66
166,Bubaque,64,GW,1567105495.0,83,11.28,-15.83,80.51,18.9
167,Petropavlovsk-Kamchatskiy,22,RU,1567105924.0,100,53.05,158.65,44.6,2.24
168,Xining,98,CN,1567105795.0,78,36.62,101.77,52.25,1.41
169,Bolu,0,TR,1567105924.0,92,40.73,31.61,59.09,1.05
170,Saint-Denis,24,RE,1567105925.0,64,-20.87,55.47,73.4,12.75
171,Clyde River,75,CA,1567105744.0,81,70.47,-68.59,50.0,20.8
172,Kargil,20,IN,1567105925.0,57,34.57,76.1,56.03,8.08
173,Pisco,40,PE,1567105690.0,30,-13.71,-76.2,71.6,8.05
174,Nanma,0,CN,1567105926.0,57,35.7,113.14,58.01,1.1
175,Ilulissat,5,GL,1567105382.0,39,69.22,-51.1,44.6,6.93
176,Cayenne,20,GF,1567105367.0,66,4.94,-52.33,87.8,14.99
177,Myanaung,99,MM,1567105467.0,93,18.28,95.32,74.93,3.49
178,Shache,78,CN,1567105928.0,45,38.42,77.24,84.0,3.0
179,Esperance,90,AU,1567105390.0,67,-33.86,121.89,62.6,14.99
180,Mnogovershinnyy,100,RU,1567105928.0,89,53.94,139.92,45.77,2.33
182,Namibe,42,AO,1567105468.0,83,-15.19,12.15,64.31,7.38
183,Ampanihy,0,MG,1567105444.0,85,-24.69,44.75,61.97,6.11
184,Soyo,4,AO,1567105930.0,85,-6.13,12.37,73.49,12.17
186,Dunedin,5,NZ,1567105289.0,64,-45.87,170.5,42.01,4.0
187,Goundam,62,ML,1567105932.0,42,16.42,-3.66,92.03,8.77
188,Riverton,100,NZ,1567105932.0,89,-46.35,168.02,44.01,5.01
189,Tuatapere,99,NZ,1567105627.0,89,-46.13,167.69,44.01,7.0
190,Fare,15,PF,1567105761.0,72,-16.7,-151.02,78.53,10.04
191,Norman Wells,75,CA,1567105489.0,76,65.28,-126.83,48.2,6.93
193,Skibbereen,75,IE,1567105934.0,82,51.55,-9.27,60.8,13.87
194,Celestun,0,MX,1567105934.0,72,20.87,-90.4,81.23,7.4
195,Pevek,100,RU,1567105657.0,97,69.7,170.27,39.83,8.41
196,Fort Nelson,5,CA,1567105466.0,62,58.81,-122.69,57.2,3.36
197,Cabo San Lucas,40,MX,1567105336.0,66,22.89,-109.91,93.0,3.36
198,Buchanan,75,LR,1567105414.0,88,5.88,-10.05,78.8,11.27
199,Texarkana,40,US,1567105936.0,55,33.44,-94.04,91.99,5.82
200,Luderitz,0,NA,1567105417.0,62,-26.65,15.16,57.2,28.86
202,Port Augusta,0,AU,1567105549.0,53,-32.49,137.76,41.0,5.82
203,Banda Aceh,100,ID,1567105210.0,79,5.56,95.32,82.85,21.77
204,Wukari,97,NG,1567105938.0,78,7.87,9.78,79.61,4.36
205,Kodinsk,59,RU,1567105938.0,83,58.6,99.18,49.73,1.83
206,Ha Tinh,100,VN,1567105924.0,93,18.33,105.9,78.35,4.83
207,Sarkand,42,KZ,1567105716.0,38,45.41,79.91,73.49,6.46
208,Pokhara,99,NP,1567105940.0,80,28.21,83.99,60.35,0.92
210,Port Moresby,75,PG,1567105941.0,94,-9.47,147.16,75.2,14.99
211,Hofn,90,IS,1567105386.0,93,64.25,-15.21,50.0,5.82
212,Satipo,17,PE,1567105941.0,59,-11.26,-74.64,52.43,8.01
213,Gamba,26,GA,1567105942.0,83,-2.72,10.02,74.75,7.78
214,Yumen,64,CN,1567105709.0,18,40.29,97.04,72.77,12.1
216,Ancud,75,CL,1567105392.0,76,-41.87,-73.83,50.0,12.75
217,La Sarre,25,CA,1567105445.0,47,48.8,-79.2,66.29,11.9
218,Ola,89,RU,1567105943.0,92,59.58,151.3,52.07,1.63
219,Dingle,40,IE,1567105408.0,77,52.14,-10.27,62.6,16.11
221,Dong Hoi,100,VN,1567105467.0,90,17.48,106.6,77.27,11.52
222,Yaya,99,RU,1567105946.0,94,56.2,86.45,54.41,4.56
223,Cidreira,36,BR,1567105641.0,46,-30.17,-50.22,82.13,7.31
224,Azul,57,AR,1567105947.0,33,-36.78,-59.86,62.01,4.0
225,Along,100,IN,1567105947.0,93,28.17,94.8,61.97,4.05
226,Katangli,100,RU,1567105948.0,97,51.71,143.23,52.43,9.35
228,Coquimbo,20,CL,1567105431.0,72,-29.95,-71.34,60.8,12.75
229,Wenatchee,1,US,1567105762.0,43,47.42,-120.31,78.01,2.44
230,Tiksi,20,RU,1567105643.0,81,71.64,128.87,35.51,17.76
231,Bria,16,CF,1567105949.0,94,6.54,21.99,71.33,1.99
232,Sioux Lookout,90,CA,1567105286.0,58,50.1,-91.92,59.0,18.34
234,Maniitsoq,0,GL,1567105950.0,66,65.42,-52.9,45.95,6.78
235,Guia de Isora,0,ES,1567105951.0,69,28.21,-16.78,77.0,23.04
236,Barrow,1,US,1567105651.0,78,39.51,-90.4,84.99,8.05
238,Leshukonskoye,50,RU,1567105952.0,83,64.9,45.76,43.61,1.9
239,San Cristobal,25,EC,1567105655.0,45,-1.02,-79.44,88.79,5.55
240,Shenjiamen,99,CN,1567105952.0,80,29.96,122.3,76.37,9.57
241,Georgetown,79,SH,1567105583.0,82,-7.93,-14.42,73.31,20.49
242,Hovd,0,MN,1567105427.0,31,48.01,91.64,60.53,1.99
243,Green Valley,75,US,1567105954.0,78,40.41,-89.64,79.0,11.41
244,Cockburn Town,40,TC,1567105783.0,62,21.46,-71.14,87.8,103.57
245,Hasaki,40,JP,1567105511.0,88,35.73,140.83,78.8,5.82
246,Niquelandia,64,BR,1567105891.0,16,-14.47,-48.46,98.51,1.14
247,Sitka,0,US,1567105677.0,46,37.17,-99.65,93.99,8.01
248,Weligama,96,LK,1567105955.0,80,5.97,80.42,81.41,17.72
249,Chalmette,1,US,1567105956.0,59,29.94,-89.96,93.99,5.82
251,Storforshei,75,NO,1567105957.0,87,66.4,14.52,59.0,23.04
254,Kavieng,24,PG,1567105588.0,77,-2.57,150.8,82.49,5.37
255,Charters Towers,0,AU,1567105682.0,96,-20.07,146.27,59.63,3.42
257,Makasar,40,ID,1567105959.0,65,-6.28,106.88,80.6,3.36
258,Chekalin,0,RU,1567105959.0,87,54.1,36.24,53.6,1.5
260,Constitucion,90,MX,1567105601.0,60,23.99,-104.67,73.0,4.7
261,Yanam,59,IN,1567105960.0,88,16.73,82.22,80.15,7.31
262,Mayumba,95,GA,1567105961.0,89,-3.44,10.65,73.67,8.93
263,Tambun,40,ID,1567105491.0,65,-6.26,107.07,80.6,3.36
264,Waddan,0,LY,1567105961.0,18,29.16,16.14,86.81,6.26
265,Mount Isa,0,AU,1567105428.0,25,-20.73,139.49,53.6,9.17
267,Sorland,90,NO,1567105963.0,100,67.67,12.69,60.8,9.17
268,General Pico,44,AR,1567105709.0,21,-35.66,-63.75,65.75,11.39
269,Mahebourg,75,MU,1567105626.0,69,-20.41,57.7,73.4,10.29
270,Zyryanka,10,RU,1567105964.0,82,65.73,150.89,29.21,5.46
271,Matara,93,LK,1567105516.0,92,5.95,80.54,76.55,7.4
272,Tilichiki,91,RU,1567105965.0,97,60.47,166.1,45.41,0.78
273,Verkhnyaya Inta,100,RU,1567105965.0,82,65.99,60.32,42.35,8.57
274,Darhan,0,MN,1567105965.0,76,49.49,105.92,56.75,2.55
276,Dehloran,0,IR,1567105966.0,11,32.69,47.27,88.43,13.6
278,Ambulu,33,ID,1567105967.0,84,-8.35,113.61,72.77,3.71
279,Geraldton,90,CA,1567105676.0,93,49.72,-86.95,57.2,6.93
281,Alvdal,75,NO,1567105968.0,100,62.11,10.63,51.8,3.36
282,Taft,0,IR,1567105968.0,16,31.75,54.22,89.6,6.93
283,Half Moon Bay,1,US,1567105969.0,72,37.46,-122.43,75.99,8.05
284,Berdigestyakh,0,RU,1567105969.0,91,62.1,126.7,42.71,2.3
285,Torbay,90,CA,1567105573.0,87,47.66,-52.73,57.99,9.17
286,Ponta do Sol,20,CV,1567105576.0,58,17.2,-25.09,86.0,12.75
287,Mosquera,40,CO,1567105768.0,42,4.71,-74.23,66.2,17.22
289,Belmonte,0,BR,1567105766.0,25,-26.84,-53.58,90.77,5.68
290,Hobyo,0,SO,1567105975.0,76,5.35,48.53,76.91,25.75
291,Kasongo,18,CD,1567105975.0,41,-4.43,26.67,84.29,2.57
292,Ippy,77,CF,1567105975.0,95,6.26,21.2,71.15,3.24
293,Pundaguitan,74,PH,1567105976.0,77,6.37,126.17,81.41,6.69
294,Aswan,0,EG,1567105548.0,18,24.09,32.9,93.2,4.7
298,Orlik,4,RU,1567105978.0,79,52.51,99.83,44.87,0.89
299,Carutapera,1,BR,1567105978.0,66,-1.2,-46.02,84.29,11.05
300,Svetlogorsk,90,RU,1567105732.0,81,53.14,59.15,50.0,13.42
301,Homer,1,US,1567105979.0,87,59.64,-151.54,55.99,3.36
303,Saint George,20,BM,1567105677.0,74,32.38,-64.68,88.0,9.17
304,Dalby,0,AU,1567105980.0,100,-27.18,151.26,36.0,6.06
305,Sorong,82,ID,1567105664.0,93,-0.86,131.25,73.85,7.07
306,Whitianga,0,NZ,1567105981.0,96,-36.83,175.7,43.0,4.09
307,Lusambo,71,CD,1567105981.0,37,-4.97,23.44,85.73,3.53
308,Reconquista,0,AR,1567105982.0,34,-29.14,-59.64,92.57,10.07
309,Russell,0,NZ,1567105802.0,100,-35.26,174.12,42.01,1.48
310,Opuwo,47,NA,1567105773.0,26,-18.06,13.84,69.17,8.16
311,Blythe,1,US,1567105983.0,34,33.61,-114.59,102.0,6.93
313,Nome,40,US,1567105455.0,59,30.04,-94.42,93.2,5.82
314,Micheweni,9,TZ,1567105984.0,81,-4.97,39.83,77.63,14.92
315,Victoria,75,SC,1567105615.0,94,-4.62,55.45,77.0,10.29
317,Santa Isabel do Rio Negro,49,BR,1567105729.0,42,-0.41,-65.02,93.65,4.05
319,Dumas,1,US,1567105985.0,36,35.87,-101.97,93.0,11.41
320,Vallenar,0,CL,1567105986.0,30,-28.58,-70.76,75.47,10.56
321,Besleney,0,RU,1567105986.0,38,44.24,41.74,59.0,13.0
322,Hambantota,90,LK,1567105729.0,94,6.12,81.12,80.6,10.29
323,Gambo,43,CF,1567105990.0,95,4.65,22.26,72.23,1.86
324,Inirida,66,CO,1567105990.0,64,3.87,-67.92,88.25,1.25
325,Kavaratti,100,IN,1567105487.0,79,10.57,72.64,81.95,19.98
326,Hami,38,CN,1567105686.0,16,42.84,93.51,82.85,8.55
327,Pacifica,1,US,1567105622.0,72,37.61,-122.49,75.0,8.05
329,Porto Novo,20,CV,1567105992.0,58,17.02,-25.06,86.0,12.75
331,Peniche,0,PT,1567105281.0,64,39.36,-9.38,73.4,12.75
332,Adrar,94,DZ,1567105493.0,9,27.87,-0.29,107.6,6.93
333,Sovetskiy,0,RU,1567105994.0,81,56.76,48.47,42.17,8.5
334,North Mankato,1,US,1567105994.0,49,44.17,-94.03,75.0,17.22
335,Brae,50,GB,1567105463.0,87,60.4,-1.35,57.2,20.8
336,Jitra,75,MY,1567105995.0,94,6.27,100.42,75.2,2.24
337,Nizwa,46,OM,1567105995.0,15,22.93,57.53,90.05,4.45
338,Ikwiriri,61,TZ,1567105995.0,70,-7.96,38.99,76.01,8.21
339,Lebu,5,CL,1567105601.0,73,-37.62,-73.65,51.71,14.07
340,Usinsk,100,RU,1567105684.0,86,66.0,57.56,42.71,9.91
341,Tubuala,75,PA,1567105996.0,74,9.52,-79.03,86.0,8.05
342,Port Elizabeth,20,ZA,1567105626.0,62,-33.92,25.57,59.0,11.41
343,Mana,19,GF,1567105669.0,57,5.67,-53.78,88.79,4.76
344,Bethanien,0,NA,1567105997.0,20,-26.5,17.16,56.03,10.25
346,Ponta Delgada,40,PT,1567105711.0,88,37.73,-25.67,73.4,12.75
347,Chipinge,0,ZW,1567105999.0,35,-20.19,32.62,69.17,8.88
348,Lufkin,20,US,1567105929.0,46,31.34,-94.73,93.2,6.93
349,Necochea,50,AR,1567105661.0,74,-38.55,-58.74,54.0,4.0
350,Smirnykh,91,RU,1567106000.0,99,49.74,142.83,49.91,3.31
351,Mikhaylovka,98,KZ,1567106000.0,88,54.89,69.46,52.43,19.42
352,Pathein,100,MM,1567106001.0,88,16.78,94.73,79.07,3.29
353,Victor Harbor,0,AU,1567106001.0,86,-35.55,138.62,46.0,5.64
354,Nichinan,89,JP,1567106001.0,94,31.65,131.31,77.0,0.45
355,Harbin,0,CN,1567106002.0,100,45.77,126.62,62.6,6.71
357,Muravlenko,25,RU,1567106003.0,88,63.79,74.5,40.37,11.1
358,Tapes,39,BR,1567106003.0,59,-30.67,-51.4,77.27,4.92
359,Te Anau,70,NZ,1567105519.0,84,-45.41,167.72,39.83,8.5
360,Parabel,75,RU,1567106004.0,81,58.71,81.5,47.03,10.04
362,Zhuhai,0,CN,1567106005.0,76,40.71,112.04,48.2,4.47
363,Paramonga,53,PE,1567106005.0,88,-10.68,-77.82,59.09,13.06
364,Ahuimanu,20,US,1567105764.0,58,21.44,-157.84,84.2,6.93
365,Ossora,100,RU,1567106006.0,99,59.24,163.07,48.47,2.06
366,Meulaboh,100,ID,1567105797.0,75,4.14,96.13,81.95,4.63
367,Ankang,78,CN,1567105768.0,53,32.73,108.99,64.31,2.3
368,Kamina,63,CD,1567106007.0,41,-8.74,25.0,74.93,0.85
369,Ahipara,5,NZ,1567105707.0,100,-35.17,173.16,41.0,9.28
370,Kalemie,0,CD,1567106007.0,41,-5.95,29.2,72.41,3.09
371,Parnarama,68,BR,1567106008.0,20,-5.68,-43.09,98.33,4.97
372,Walvis Bay,0,NA,1567105818.0,86,-22.95,14.51,55.0,8.01
373,Ixtapa,40,MX,1567105647.0,62,20.71,-105.21,90.0,9.17
374,Atar,61,MR,1567106009.0,26,20.52,-13.05,102.29,10.13
375,Veraval,96,IN,1567105470.0,82,20.9,70.37,83.57,17.96
376,Riachao,62,BR,1567105916.0,16,-7.36,-46.62,100.49,6.2
378,Savelugu,99,GH,1567106010.0,81,9.63,-0.83,79.97,4.41
379,Leninsk,0,RU,1567106010.0,43,48.69,45.2,57.0,4.47
380,Litovko,100,RU,1567106011.0,98,49.24,135.18,56.93,1.74
381,Camacha,40,PT,1567106011.0,69,33.08,-16.33,73.4,11.41
383,Pemberton,100,CA,1567106012.0,43,50.32,-122.8,67.19,2.42
384,Gra Liyia,20,GR,1567106012.0,65,35.02,25.68,80.01,16.11
385,Pangnirtung,90,CA,1567105637.0,30,66.15,-65.72,59.0,17.22
386,Kumbo,91,CM,1567106013.0,92,6.21,10.69,65.21,4.25
387,Keti Bandar,99,PK,1567106013.0,88,24.14,67.45,81.77,15.37
388,Pembroke,75,CA,1567106014.0,46,45.82,-77.11,73.4,8.66
389,Novoagansk,75,RU,1567106014.0,81,61.94,76.66,41.81,3.94
390,Yatou,68,CN,1567106015.0,97,33.81,104.32,50.09,1.48
391,Nabire,95,ID,1567105766.0,97,-3.36,135.5,67.01,4.23
392,Morros,40,BR,1567106015.0,62,-2.87,-44.04,87.8,10.29
393,Ucluelet,90,CA,1567105780.0,93,48.94,-125.55,75.0,8.05
394,Soeng Sang,100,TH,1567106016.0,95,14.43,102.46,72.95,11.12
395,Teya,41,RU,1567105576.0,93,60.37,92.63,41.27,1.61
397,Touros,20,BR,1567105781.0,45,-5.2,-35.46,84.2,12.75
398,Bethel,40,US,1567105691.0,81,60.79,-161.76,51.8,4.7
399,Awjilah,0,LY,1567105745.0,22,29.14,21.3,87.35,6.46
400,Ulladulla,75,AU,1567106018.0,100,-35.36,150.48,46.4,16.11
401,Puerto Ayacucho,40,VE,1567106018.0,88,5.66,-67.62,78.8,5.82
402,San Luis,62,AR,1567105787.0,16,-33.3,-66.34,66.83,23.38
404,Dholka,75,IN,1567106019.0,83,22.73,72.44,84.2,4.7
405,Dali,96,CN,1567106020.0,94,25.6,100.24,60.35,3.53
406,Sao Jose da Coroa Grande,56,BR,1567105695.0,70,-8.9,-35.15,77.09,9.82
408,Khatanga,0,RU,1567105596.0,82,71.98,102.47,50.27,10.42
409,West Wendover,1,US,1567105948.0,30,40.74,-114.07,82.4,6.93
411,Mount Pleasant,20,US,1567106023.0,58,32.79,-79.86,91.0,6.93
412,Boldumsaz,0,TM,1567106024.0,45,42.13,59.67,66.2,9.17
414,Haines Junction,0,CA,1567105500.0,45,60.75,-137.51,52.97,0.65
416,Vila Velha,20,BR,1567105607.0,48,-3.71,-38.6,86.0,14.99
417,Clermont,40,US,1567106025.0,69,43.0,-91.65,82.99,19.46
418,Bonavista,82,CA,1567106026.0,85,48.65,-53.11,54.0,4.0
419,Balagunan,90,PH,1567106026.0,88,7.49,125.52,78.8,1.36
420,Ballina,90,IE,1567106027.0,93,54.11,-9.15,61.0,13.87
422,Husavik,90,IS,1567106028.0,81,66.04,-17.34,46.4,12.75
423,Cabacao,100,PH,1567106028.0,79,13.34,120.66,78.53,9.48
424,Aden,4,YE,1567106028.0,50,12.79,45.03,89.87,13.06
425,Karakol,62,KG,1567106029.0,57,42.49,78.39,64.85,3.06
426,San Pedro,20,BO,1567106029.0,11,-17.27,-66.8,82.4,9.17
427,Campbell,40,US,1567106029.0,60,37.29,-121.95,79.0,3.36
428,Cherskiy,100,RU,1567105633.0,96,68.75,161.3,35.33,10.71
429,Auki,92,SB,1567106030.0,76,-8.77,160.7,81.95,8.16
430,Nisia Floresta,0,BR,1567106031.0,45,-6.09,-35.21,84.2,19.46
431,Cross Lanes,40,US,1567106031.0,55,35.39,-94.21,91.99,5.57
432,Marsa Matruh,40,EG,1567106031.0,69,31.35,27.25,82.4,11.41
433,Hailun,100,CN,1567106032.0,96,47.46,126.97,57.65,8.03
434,Beringovskiy,100,RU,1567105768.0,97,63.05,179.32,47.03,8.52
435,Murovani Kurylivtsi,0,UA,1567106032.0,55,48.71,27.54,72.0,7.23
436,Tandalti,29,SD,1567106033.0,43,13.01,31.87,90.59,8.66
437,Egvekinot,100,RU,1567105520.0,95,66.32,-179.17,44.87,2.68
438,Mizdah,62,LY,1567106034.0,22,31.45,12.98,90.23,11.12
439,Bonthe,99,SL,1567105512.0,85,7.53,-12.5,77.09,10.4
440,Horki,0,BY,1567106034.0,81,54.29,30.98,58.73,9.22
441,Sao Filipe,69,CV,1567105688.0,81,14.9,-24.5,78.71,12.03
442,Inuvik,90,CA,1567106035.0,86,68.36,-133.71,42.8,5.82
443,Le Creusot,0,FR,1567106035.0,50,46.81,4.43,77.0,6.93
444,Belozerskoye,100,RU,1567106036.0,90,55.82,65.58,50.99,16.11
445,Riyadh,0,SA,1567105786.0,18,24.63,46.72,96.8,3.36
446,Sembabule,94,UG,1567106037.0,48,-0.08,31.46,76.73,3.15
447,Saraland,1,US,1567106037.0,43,30.82,-88.07,93.99,5.82
448,Tamandare,17,BR,1567105762.0,43,-8.28,-70.75,90.77,1.88
449,Show Low,1,US,1567106038.0,30,34.25,-110.03,86.0,6.93
450,Pontian Kecil,75,MY,1567106038.0,83,1.48,103.39,82.4,4.7
451,Katobu,59,ID,1567106039.0,83,-4.94,122.53,68.63,3.36
452,Lavrentiya,99,RU,1567105647.0,85,65.58,-170.99,46.67,4.94
453,San Jose,54,GT,1567106039.0,25,16.98,-89.9,100.85,1.95
455,Troitskoye,89,RU,1567106040.0,85,52.98,84.68,65.93,5.86
456,Chalchihuites,0,MX,1567106041.0,32,23.48,-103.88,73.31,5.55
457,Port Lincoln,0,AU,1567105303.0,71,-34.72,135.86,53.51,21.65
458,Luau,86,AO,1567106041.0,35,-10.71,22.22,79.97,3.38
459,Inhambane,20,MZ,1567105442.0,88,-23.87,35.38,66.2,4.7
460,Itarema,0,BR,1567106042.0,46,-2.92,-39.92,89.6,21.92
461,Moratuwa,40,LK,1567106043.0,78,6.77,79.88,82.4,8.05
462,Yar-Sale,100,RU,1567105448.0,94,66.83,70.83,43.43,17.27
463,Canoinhas,0,BR,1567106043.0,38,-26.18,-50.4,76.19,2.01
464,Souillac,75,MU,1567106044.0,69,-20.52,57.52,73.4,10.29
466,Ormara,100,PK,1567106045.0,58,25.21,64.64,85.73,9.55
467,Tromso,20,NO,1567106045.0,82,69.65,18.96,64.4,27.51
468,Filadelfia,0,PY,1567106045.0,20,-22.35,-60.04,101.03,15.32
469,Opole Lubelskie,0,PL,1567106046.0,54,51.15,21.97,80.01,2.24
470,Isangel,90,VU,1567106046.0,83,-19.55,169.27,69.8,2.24
471,Deputatskiy,94,RU,1567105785.0,90,69.3,139.9,24.35,3.31
472,Port Macquarie,73,AU,1567106047.0,100,-31.43,152.91,48.2,3.36
473,Terme,75,TR,1567106048.0,78,41.21,36.97,75.2,8.05
475,Tarakan,16,ID,1567106048.0,82,3.3,117.63,80.15,7.36
477,Diamantino,7,BR,1567106049.0,14,-14.4,-56.44,105.53,2.46
478,Ust-Koksa,77,RU,1567106049.0,52,50.27,85.62,56.03,5.19
479,Flinders,75,AU,1567105619.0,100,-34.58,150.85,55.0,16.11
480,Grand Gaube,75,MU,1567105484.0,69,-20.01,57.66,73.4,10.29
481,Cap Malheureux,75,MU,1567105671.0,69,-19.98,57.61,73.4,10.29
482,Shumskiy,0,RU,1567106051.0,94,54.83,99.13,51.71,2.91
483,Gornopravdinsk,86,RU,1567106051.0,76,60.06,69.92,50.81,8.84
484,Sungairaya,0,ID,1567106051.0,80,0.7,108.9,81.23,19.8
485,Korla,0,CN,1567106052.0,56,41.76,86.15,82.0,5.99
486,Lafiagi,77,NG,1567106052.0,87,8.85,5.42,77.99,3.15
488,Westport,27,NZ,1567106053.0,88,-41.75,171.6,39.11,3.65
489,Nador,75,MA,1567105521.0,83,35.17,-2.93,77.0,3.36
490,Amapa,5,BR,1567105486.0,28,-1.83,-56.23,99.59,6.93
491,Puerto Escondido,90,MX,1567106054.0,55,15.86,-97.07,89.6,6.93
492,Olinda,20,BR,1567106055.0,57,-22.82,-43.41,84.2,6.93
493,Talaya,0,RU,1567106055.0,93,55.79,84.89,51.8,6.71
494,Roura,20,GF,1567106055.0,66,4.73,-52.33,87.8,14.99
495,Mizur,57,RU,1567106056.0,81,42.85,44.06,49.55,2.21
496,Bezhetsk,0,RU,1567106056.0,89,57.78,36.69,58.19,4.79
497,Saint-Remi,90,CA,1567106057.0,57,45.27,-73.62,77.0,3.36
498,Aklavik,90,CA,1567105668.0,75,68.22,-135.01,42.8,4.7
499,Annau,0,TM,1567106057.0,34,37.89,58.52,78.8,4.7
500,Ketchikan,1,US,1567106058.0,77,55.34,-131.65,59.0,16.11
501,Vila Franca do Campo,40,PT,1567105664.0,88,37.72,-25.43,73.4,12.75
502,Bati,15,ET,1567106059.0,55,11.19,40.02,71.87,4.16
504,Russellville,1,US,1567106059.0,51,35.28,-93.13,88.0,4.7
505,Kathu,75,TH,1567106060.0,83,7.91,98.33,80.6,14.99
507,Ishinomaki,91,JP,1567106061.0,90,38.42,141.3,69.53,3.49
508,Gurgaon,75,IN,1567106061.0,74,28.47,77.03,93.99,5.82
509,Saint-Francois,40,GP,1567105519.0,66,16.25,-61.27,87.8,12.75
510,Abramovka,7,RU,1567106062.0,66,51.19,41.01,57.29,5.46
511,Trelew,25,AR,1567105782.0,30,-43.25,-65.31,55.31,27.54
512,Leua,67,AO,1567106062.0,41,-11.65,20.45,71.69,2.24
513,Mutoko,52,ZW,1567106063.0,44,-17.4,32.23,67.73,6.71
514,Aasiaat,0,GL,1567105654.0,55,68.71,-52.87,40.01,15.32
515,Media Luna,48,CU,1567106064.0,58,20.14,-77.44,88.43,5.19
516,Bainbridge,1,US,1567106065.0,52,30.9,-84.58,95.0,8.05
517,Iskateley,6,RU,1567105767.0,88,67.68,53.15,37.85,4.09
519,Padang,100,ID,1567105505.0,83,-0.92,100.36,81.41,14.58
520,Pilar,90,PH,1567106075.0,94,14.67,120.55,78.8,13.87
521,Suba,20,PH,1567106076.0,88,9.55,123.31,77.0,4.7
522,Rocha,83,UY,1567105616.0,85,-34.48,-54.34,68.09,7.34
523,Dakar,75,SN,1567105546.0,94,14.69,-17.45,84.2,6.93
524,Grindavik,75,IS,1567105548.0,76,63.84,-22.43,51.8,21.92
525,Exeter,1,US,1567106078.0,34,36.3,-119.14,91.0,3.36
526,Tomari,25,RU,1567106078.0,89,47.76,142.06,59.63,16.84
527,Samur,17,RU,1567106078.0,86,41.83,48.49,52.61,1.25
528,Lavumisa,62,SZ,1567106079.0,76,-27.31,31.89,66.29,3.69
529,Serebryansk,90,KZ,1567106079.0,52,49.68,83.3,65.75,5.03
530,Baykit,75,RU,1567105551.0,91,61.68,96.39,40.19,2.42
531,Lostice,0,CZ,1567106080.0,57,49.74,16.93,80.6,9.17
532,Qasigiannguit,5,GL,1567106083.0,39,68.82,-51.19,44.6,6.93
533,Conakry,98,GN,1567106012.0,87,9.52,-13.7,77.63,19.84
534,Nemuro,100,JP,1567105708.0,91,43.32,145.57,60.17,11.18
535,Harper,60,LR,1567106084.0,82,4.38,-7.71,77.63,9.78
536,Piacabucu,3,BR,1567106084.0,69,-10.41,-36.43,77.81,9.51
538,Halifax,90,CA,1567105865.0,94,44.65,-63.58,73.99,14.99
539,Labytnangi,100,RU,1567106085.0,94,66.66,66.39,37.13,9.64
540,San Carlos de Bariloche,40,AR,1567106086.0,92,-41.13,-71.31,46.4,34.45
541,Kilindoni,7,TZ,1567105753.0,79,-7.91,39.67,77.99,14.38
542,Penzance,20,GB,1567106086.0,77,50.12,-5.53,62.6,12.75
544,Newport,20,US,1567106087.0,45,41.49,-71.31,86.0,12.75
545,Kadaya,65,RU,1567106087.0,74,50.93,119.29,51.89,3.51
546,Batticaloa,78,LK,1567106088.0,78,7.71,81.69,78.17,3.04
547,Omboue,4,GA,1567106088.0,87,-1.57,9.26,75.47,12.82
550,Mareeba,7,AU,1567106019.0,82,-16.99,145.42,66.2,10.29
551,Muncar,55,ID,1567106089.0,96,-8.43,114.34,68.81,1.61
553,Shimoda,40,JP,1567105765.0,94,34.7,138.93,78.8,3.36
554,Bor,0,TR,1567106090.0,47,37.89,34.56,68.45,8.32
555,Cabedelo,0,BR,1567106091.0,57,-6.97,-34.84,80.6,16.11
556,Beroroha,0,MG,1567106092.0,34,-21.68,45.17,68.63,2.71
557,Sheltozero,5,RU,1567106095.0,81,61.37,35.37,61.79,7.67
559,Karasburg,0,NA,1567105706.0,30,-28.01,18.75,54.23,13.15
560,Kahului,20,US,1567105711.0,62,20.89,-156.47,86.0,10.29
562,Lubao,63,CD,1567106100.0,31,-5.39,25.75,88.43,1.28
563,Caraquet,90,CA,1567105811.0,93,47.79,-64.94,66.0,2.24
564,Novaya Igirma,7,RU,1567106110.0,93,57.14,103.93,49.55,1.5
565,Liepaja,66,LV,1567106111.0,88,56.52,21.02,69.8,5.82
567,Verkhnevilyuysk,26,RU,1567106112.0,89,63.45,120.31,48.29,1.52
568,Danilov,0,RU,1567106112.0,87,58.19,40.17,57.2,6.71
569,Nadym,100,RU,1567106112.0,90,65.53,72.51,43.97,16.71
570,Gao,70,ML,1567106113.0,43,16.28,-0.04,90.95,5.37
571,Broken Hill,0,AU,1567106113.0,78,-31.97,141.45,42.8,11.41
572,Port-de-Bouc,0,FR,1567106114.0,58,43.4,4.98,86.0,8.05
573,Wewak,66,PG,1567106115.0,89,-3.55,143.63,74.93,4.99
574,Naze,75,JP,1567105592.0,100,28.37,129.48,80.6,5.82
575,Windsor,90,CA,1567105941.0,94,44.99,-64.14,75.2,14.99
576,Bathsheba,40,BB,1567106119.0,70,13.22,-59.52,86.0,13.87
577,Carballo,20,ES,1567106119.0,78,43.21,-8.69,73.99,5.82
578,San Blas,5,MX,1567106120.0,54,21.54,-105.29,84.2,5.82
579,Kenai,90,US,1567105891.0,93,60.55,-151.26,55.0,5.82
580,Roebourne,0,AU,1567106121.0,78,-20.77,117.15,64.31,8.23
581,Garowe,2,SO,1567105550.0,36,8.41,48.48,84.47,14.14
582,Merritt Island,75,US,1567106122.0,59,28.54,-80.67,93.0,17.22
583,Sao Joao da Barra,20,BR,1567105503.0,60,-21.64,-41.05,75.2,13.87
584,Lodja,92,CD,1567106122.0,52,-3.52,23.6,80.33,2.59
585,Oranjestad,20,AW,1567105838.0,56,12.52,-70.03,93.2,17.22
586,Vacha,24,RU,1567106123.0,95,55.8,42.77,56.21,4.88
587,Lao Cai,70,VN,1567106127.0,88,22.48,103.95,67.19,5.03
590,Port Hedland,0,AU,1567106131.0,88,-20.31,118.58,64.4,10.29
591,Mut,21,TR,1567106131.0,48,36.64,33.44,69.35,3.27
592,Pinhao,23,BR,1567106132.0,42,-25.7,-51.66,78.53,3.51
593,Garango,80,BF,1567106132.0,81,11.8,-0.55,77.81,4.63
594,Quelimane,20,MZ,1567106133.0,83,-17.88,36.89,75.2,11.41
595,Goshen,40,US,1567106018.0,45,41.58,-85.83,82.99,11.41
597,Sao Paulo de Olivenca,35,BR,1567106135.0,36,-3.38,-68.87,97.43,1.97
598,Nueve de Julio,0,AR,1567106079.0,27,-31.67,-68.39,72.05,13.78
599,Kuala Terengganu,75,MY,1567105729.0,100,5.33,103.14,75.2,7.78
600,Thunder Bay,75,CA,1567106010.0,68,48.41,-89.26,64.4,12.75
601,Zhangye,100,CN,1567106136.0,30,38.94,100.46,68.45,4.21
602,Hondo,83,JP,1567106137.0,94,32.45,130.2,77.0,11.01
604,Katsuura,75,JP,1567105666.0,100,33.93,134.5,75.2,4.7
606,Tres Arroyos,33,AR,1567106138.0,35,-38.38,-60.28,59.27,13.62
607,Omaruru,12,NA,1567106138.0,31,-21.42,15.95,60.53,8.03
608,Verkh-Usugli,0,RU,1567106139.0,90,52.7,115.17,49.37,2.13
609,San Policarpo,100,PH,1567106139.0,86,12.18,125.51,77.99,5.79
610,Tiarei,20,PF,1567106140.0,65,-17.53,-149.33,82.4,8.05
612,Mirpur Sakro,75,PK,1567106140.0,88,24.55,67.63,82.4,5.82
613,Kupang,27,ID,1567106141.0,77,-10.16,123.6,73.13,12.28
614,Srednekolymsk,94,RU,1567106141.0,95,67.46,153.71,34.07,5.93
615,Antofagasta,20,CL,1567106142.0,67,-23.65,-70.4,60.8,14.99
616,Bourail,100,NC,1567106143.0,87,-21.57,165.5,62.87,5.66
617,San Felipe,0,MX,1567106143.0,38,31.02,-114.84,92.21,7.18
618,Mercedes,0,AR,1567106144.0,50,-29.18,-58.08,86.27,13.29
619,Quatre Cocos,75,MU,1567105370.0,69,-20.21,57.76,73.4,10.29
620,Zamora,20,ES,1567106144.0,32,41.51,-5.74,84.99,4.7
621,Pudozh,9,RU,1567106145.0,93,61.81,36.54,60.35,1.7
622,Great Bend,1,US,1567106146.0,49,38.36,-98.78,93.99,17.22
623,Ayr,2,AU,1567106146.0,87,-19.58,147.4,60.01,1.07
624,Altayskoye,86,RU,1567106146.0,68,51.95,85.34,67.91,5.68
625,Kargasok,73,RU,1567105720.0,82,59.06,80.87,45.95,5.66
627,Montepuez,20,MZ,1567105593.0,50,-13.13,39.0,74.57,9.26
628,Kon Tum,100,VN,1567106148.0,100,14.36,108.0,68.27,1.68
629,Sabha,0,LY,1567106148.0,15,27.03,14.43,89.69,6.85
630,Chatham,1,US,1567106149.0,69,39.68,-89.7,82.99,11.41
631,Daru,36,PG,1567106149.0,94,-9.07,143.21,72.41,5.7
632,Moerai,76,PF,1567106150.0,83,-22.43,-151.33,75.83,20.24
634,Shahrud,47,IR,1567106150.0,73,36.42,54.97,50.81,7.16
635,Yenagoa,99,NG,1567106151.0,88,4.92,6.26,77.27,4.54
636,Putnok,0,HU,1567106151.0,57,48.29,20.43,72.41,4.99
637,Bandarbeyla,61,SO,1567106152.0,73,9.49,50.81,75.65,22.08
638,Mulki,40,IN,1567106152.0,88,13.1,74.8,77.0,15.23
639,Riviere-au-Renard,90,CA,1567106153.0,93,49.0,-64.4,62.6,11.41
640,Biltine,71,TD,1567105668.0,57,14.53,20.93,81.41,19.95
641,Roald,20,NO,1567106154.0,82,62.58,6.12,57.2,3.36
642,Berlevag,0,NO,1567105983.0,64,70.86,29.09,69.8,25.28
643,Ostrovnoy,0,RU,1567105778.0,88,68.05,39.51,54.23,9.62
644,Pareora,17,NZ,1567106158.0,97,-44.49,171.21,36.0,5.35
645,Dubbo,14,AU,1567105805.0,86,-32.25,148.6,39.2,8.05
646,Shirokiy,72,RU,1567106159.0,46,53.87,39.17,57.99,1.01
647,Bartica,75,GY,1567106159.0,74,6.41,-58.62,84.2,13.87
648,Dandong,0,CN,1567106160.0,94,40.12,124.37,58.55,5.55
649,Quimper,0,FR,1567106160.0,72,48.0,-4.1,64.4,9.17
650,Sabang,29,ID,1567105727.0,71,1.17,120.82,78.89,10.92
651,Botucatu,29,BR,1567106161.0,28,-22.89,-48.44,80.87,4.52
652,Richards Bay,47,ZA,1567105719.0,83,-28.77,32.06,70.97,21.18
653,Lethem,1,GY,1567106162.0,46,3.38,-59.8,92.03,7.9
655,Nantucket,40,US,1567106114.0,78,41.28,-70.1,81.0,17.22
656,Burnie,0,AU,1567106163.0,83,-41.05,145.91,37.99,3.11
657,Porbandar,100,IN,1567106163.0,86,21.64,69.61,82.67,19.22
658,Alice Springs,0,AU,1567106164.0,35,-23.7,133.88,39.2,5.82
659,Langres,0,FR,1567106164.0,44,47.87,5.33,80.6,6.93
660,Urucara,35,BR,1567106164.0,32,-2.54,-57.76,96.71,3.6
661,Labuan,75,MY,1567106165.0,94,5.33,115.2,80.6,3.36
662,Gazli,0,UZ,1567106165.0,27,40.13,63.45,70.07,4.94
663,Port Blair,100,IN,1567105663.0,82,11.67,92.75,82.31,21.0
664,Dannenberg,40,DE,1567106166.0,64,53.1,11.1,73.99,2.24
666,Cururupu,11,BR,1567106167.0,55,-1.82,-44.87,87.71,5.08
667,Nalut,51,LY,1567106167.0,30,31.86,10.98,88.97,19.01
668,Harboore,50,DK,1567105582.0,82,56.62,8.18,59.0,5.82
669,Northam,90,AU,1567106168.0,93,-31.65,116.67,59.0,10.29
671,Surdila-Greci,5,RO,1567106168.0,49,45.06,27.26,73.4,6.93
672,Upata,0,VE,1567105833.0,55,8.02,-62.41,93.0,3.0
673,Moscow,90,US,1567106169.0,63,46.73,-117.0,80.01,3.36
674,Kanlagay,76,PH,1567106170.0,93,5.88,121.29,74.93,3.56
675,Anloga,20,GH,1567106083.0,78,5.79,0.9,80.6,12.75
676,Sangar,32,RU,1567105634.0,78,63.92,127.47,46.31,3.29
679,Uglovskoye,77,RU,1567106172.0,43,51.36,80.19,71.51,8.16
680,Maceio,20,BR,1567106014.0,65,-9.67,-35.74,77.0,12.75
681,Tommot,45,RU,1567106173.0,97,58.97,126.27,45.05,1.9
682,Hopkinsville,1,US,1567106105.0,42,36.87,-87.49,84.0,5.82
683,Salinas,75,EC,1567105741.0,66,0.49,-78.13,55.4,4.36
684,Kyra,43,RU,1567105740.0,81,49.58,111.97,47.21,2.8
685,Ozernovskiy,98,RU,1567106174.0,98,51.5,156.52,49.55,8.43
686,Jasper,96,CA,1567105656.0,54,52.88,-118.08,50.45,2.82
687,Mehamn,0,NO,1567105792.0,64,71.03,27.85,69.8,25.28
688,Plettenberg Bay,60,ZA,1567106175.0,74,-34.05,23.37,49.01,4.32
689,Saint-Augustin,75,CA,1567106176.0,56,45.63,-73.98,77.0,8.05
690,Belle Glade,40,US,1567106176.0,63,26.68,-80.67,91.4,8.05
691,Monrovia,75,LR,1567106176.0,88,6.33,-10.8,78.8,9.98
692,Evanston,1,US,1567106177.0,45,42.04,-87.69,87.01,20.8
693,Aripuana,32,BR,1567106177.0,17,-9.17,-60.63,104.09,3.96
694,Ciudad Bolivar,23,VE,1567106178.0,54,8.12,-63.55,91.31,2.71
695,Pangody,100,RU,1567106178.0,95,65.85,74.49,43.25,16.84
696,San Jeronimo,40,MX,1567106178.0,56,29.37,-110.79,96.01,6.93
697,Morant Bay,40,JM,1567106179.0,62,17.88,-76.41,87.8,4.7
698,Vetluzhskiy,90,RU,1567106179.0,97,58.39,45.47,42.17,4.27
699,Koulikoro,20,ML,1567106180.0,78,12.86,-7.56,80.6,5.82
700,Gorin,100,RU,1567106180.0,99,51.2,136.66,57.29,5.35
701,Sanchor,85,IN,1567106181.0,67,24.76,71.77,88.07,6.76
703,Vidor,40,US,1567105955.0,59,30.13,-94.02,93.2,5.82
704,Miri,75,MY,1567106182.0,94,4.41,114.01,75.2,3.36
705,Uryupinsk,0,RU,1567106182.0,79,50.8,42.01,55.99,5.66
706,Mayo,75,CA,1567105708.0,58,63.59,-135.9,53.6,1.39
707,Palu,29,ID,1567106183.0,91,-0.9,119.87,72.41,3.49
708,Raahe,0,FI,1567105725.0,68,64.68,24.47,68.0,8.05
709,Lluta,0,PE,1567106184.0,11,-16.02,-72.01,71.6,10.29
710,Itupiranga,20,BR,1567106184.0,39,-5.13,-49.33,96.8,8.05
711,Marovoay,0,MG,1567106184.0,88,-16.11,46.64,73.4,3.36
712,Santa Rosa,0,AR,1567106185.0,20,-36.62,-64.29,65.03,12.91
713,Progreso,26,MX,1567106185.0,42,20.25,-99.19,70.97,4.74
714,Bilibino,100,RU,1567106186.0,97,68.06,166.44,37.13,2.48
715,Jurm,0,AF,1567106186.0,44,36.86,70.83,52.79,3.27
716,Itabira,0,BR,1567106187.0,35,-19.62,-43.23,71.6,9.17
717,Roma,0,AU,1567106187.0,54,-26.57,148.79,47.21,7.16
718,Qaqortoq,20,GL,1567106188.0,35,60.72,-46.03,57.2,10.29
719,Hailey,75,US,1567106188.0,36,43.52,-114.32,84.0,8.1
720,Mtinko,86,TZ,1567106188.0,39,-4.55,34.84,74.93,8.25
721,Vardo,0,NO,1567105670.0,72,70.37,31.11,64.4,19.46
722,Pashiya,100,RU,1567106189.0,96,58.43,58.26,45.41,9.95
724,Goure,83,NE,1567106190.0,85,13.98,10.27,71.01,1.99
725,Nampula,0,MZ,1567106190.0,78,-15.12,39.26,71.6,6.93
726,Santa Maria Ixhuatan,40,GT,1567106191.0,44,14.19,-90.27,89.6,11.41
727,Sibolga,100,ID,1567106191.0,76,1.74,98.78,81.59,5.97
729,Amlame,91,TG,1567106192.0,88,7.47,0.9,75.47,0.78
730,Carasova,0,RO,1567106192.0,34,45.2,21.87,80.6,4.7
731,Tessalit,39,ML,1567105650.0,36,20.2,1.01,89.87,16.08
732,Buala,99,SB,1567105740.0,79,-8.15,159.59,79.25,4.83
733,Ust-Kuyga,93,RU,1567106193.0,75,70.0,135.55,30.11,3.11
734,Khandyga,56,RU,1567105822.0,85,62.65,135.58,48.47,2.28
735,Suarez,40,CO,1567106194.0,33,4.05,-74.83,91.4,10.29
736,Saldanha,68,ZA,1567105667.0,66,-33.01,17.94,53.6,3.36
737,La Palma,63,PA,1567106194.0,82,8.4,-78.14,80.15,7.47
738,Iqaluit,90,CA,1567105737.0,86,63.75,-68.52,39.2,17.22
740,Jega,93,NG,1567106195.0,59,12.22,4.38,85.91,4.05
741,Serrinha,92,BR,1567106196.0,73,-11.66,-39.0,74.39,13.49
742,Tual,32,ID,1567106196.0,81,-5.67,132.75,76.37,18.79
743,Ako,100,JP,1567106197.0,98,34.79,134.38,73.99,1.3
745,Pittsfield,1,US,1567106198.0,88,39.61,-90.81,82.0,3.36
746,Sechura,65,PE,1567106198.0,94,-5.56,-80.82,59.81,15.1
747,Pervomayskoye,67,RU,1567106198.0,93,57.07,86.23,52.97,6.93
748,Otjimbingwe,1,NA,1567106199.0,32,-22.35,16.13,57.65,6.58
749,Svirstroy,45,RU,1567106199.0,80,60.8,33.72,56.93,0.98
750,Ilebo,40,CD,1567106200.0,55,-4.33,20.59,80.69,1.68
751,Rawson,25,AR,1567106200.0,30,-43.3,-65.11,55.31,27.54
752,Tiznit,62,MA,1567106201.0,80,29.7,-9.73,71.51,4.56
753,Coueron,0,FR,1567106047.0,56,47.22,-1.72,78.01,8.05
754,Palora,40,EC,1567105776.0,40,-1.7,-77.97,89.6,4.7
755,Toowoomba,0,AU,1567106202.0,100,-27.56,151.95,48.0,7.85
756,Kokopo,85,PG,1567106202.0,96,-4.34,152.27,70.07,2.59
757,Moosomin,27,CA,1567106202.0,52,50.14,-101.67,61.61,16.8
758,Qitaihe,96,CN,1567106203.0,98,45.77,131.01,57.47,2.66
759,Muromtsevo,95,RU,1567106203.0,76,56.37,75.24,54.77,12.88
760,Bell Ville,65,AR,1567106204.0,18,-32.63,-62.69,72.0,13.0
761,Mechetinskaya,84,RU,1567106204.0,29,46.77,40.45,63.23,11.72
762,Tabas,13,IR,1567105680.0,13,33.6,56.92,93.2,4.7
763,Whitehorse,20,CA,1567105702.0,57,60.72,-135.06,57.99,2.24
764,Tura,92,RU,1567106205.0,74,64.27,100.22,47.57,5.35
765,Jiangkou,0,CN,1567106205.0,67,30.7,117.56,70.61,1.79
766,Kaputa,0,ZM,1567105734.0,27,-8.47,29.66,71.51,4.36
767,Solnechnyy,100,RU,1567106206.0,99,50.72,136.64,55.31,2.26
768,Vestmanna,75,FO,1567106207.0,100,62.16,-7.17,51.8,17.22
769,Piro,53,IN,1567106207.0,70,25.33,84.41,85.91,5.95
770,Sinnamary,0,GF,1567106207.0,77,5.38,-52.96,81.95,16.37
771,Aksu,24,CN,1567105696.0,30,41.12,80.26,80.33,4.43
772,Kolyvan,0,RU,1567106208.0,77,55.31,82.74,60.8,6.71
773,Chara,33,RU,1567105817.0,88,56.9,118.26,39.29,1.48
774,Kysyl-Syr,22,RU,1567106209.0,69,63.9,122.77,47.39,2.86
775,Konosha,79,RU,1567106209.0,94,60.97,40.26,53.87,5.88
776,Tezu,100,IN,1567106210.0,88,27.93,96.16,75.29,3.06
778,Baker City,1,US,1567106210.0,32,44.77,-117.83,82.4,6.93
780,Ishigaki,3,JP,1567106211.0,83,24.34,124.16,83.03,10.2
781,Iquitos,8,PE,1567105977.0,38,-3.75,-73.25,97.97,0.49
782,Kitale,99,KE,1567106212.0,92,1.02,35.0,58.55,2.15
783,Hastings,1,US,1567106212.0,74,40.59,-98.39,87.01,4.7
784,Sao Gabriel da Cachoeira,40,BR,1567106213.0,66,-0.13,-67.09,87.8,6.93
785,Poum,100,NC,1567105652.0,76,-20.23,164.02,71.69,15.68
786,Thessalon,1,CA,1567106214.0,53,46.26,-83.55,71.6,3.36
787,Verkhoyansk,74,RU,1567105615.0,63,67.55,133.39,34.79,2.46
788,Malasila,90,PH,1567106214.0,88,6.94,125.13,78.8,1.57
789,Shunyi,0,CN,1567106215.0,43,40.13,116.65,77.0,13.42
790,Oxapampa,0,PE,1567106215.0,49,-10.58,-75.4,69.71,6.06
791,Port Keats,46,AU,1567106215.0,21,-14.25,129.55,65.57,16.46
792,Kamenka,30,RU,1567106216.0,53,53.19,44.05,64.0,13.35
794,Kidsgrove,76,GB,1567106035.0,72,53.09,-2.24,64.4,6.93
795,Menongue,73,AO,1567106217.0,26,-14.66,17.68,73.49,1.45
796,Kloulklubed,90,PW,1567105658.0,88,7.04,134.26,78.8,9.17
797,Ocean Springs,1,US,1567106218.0,46,30.41,-88.83,93.99,8.05
798,Novovasylivka,99,UA,1567106219.0,47,48.2,37.04,58.19,9.48
799,Yingkou,0,CN,1567106219.0,89,40.67,122.24,59.81,6.64
800,Nishihara,75,JP,1567105730.0,74,35.74,139.53,84.0,13.87
801,Gunzburg,0,DE,1567106220.0,88,48.45,10.27,70.0,2.24
802,Barrancabermeja,20,CO,1567106221.0,59,7.07,-73.85,91.4,3.36
806,Dudinka,75,RU,1567106222.0,93,69.41,86.18,50.0,8.95
807,Luwuk,55,ID,1567105629.0,97,-0.95,122.79,57.11,3.85
808,Westlock,90,CA,1567106223.0,62,54.15,-113.85,64.99,2.24
809,Belaya Gora,50,RU,1567105722.0,73,68.54,146.19,31.01,3.65
810,Bansang,75,GM,1567106224.0,94,13.44,-14.66,82.4,9.6
811,Jishou,97,CN,1567106224.0,93,28.26,109.7,67.19,2.33
812,Bam,0,IR,1567106224.0,17,29.11,58.36,59.63,1.45
813,Bhiwandi,40,IN,1567106226.0,94,19.3,73.06,80.6,6.93
814,Merauke,23,ID,1567106226.0,82,-8.49,140.4,75.83,16.78
815,Revda,33,RU,1567106226.0,96,67.94,34.55,52.79,5.35
816,Salvador,90,BR,1567106111.0,100,-12.98,-38.48,71.6,11.41
817,Niquero,22,CU,1567105808.0,67,20.04,-77.58,84.11,3.44
818,Broome,5,AU,1567105681.0,87,-17.97,122.23,60.8,8.77
819,Hanzhong,97,CN,1567106228.0,63,33.08,107.03,65.75,0.96
821,Port Hardy,90,CA,1567105829.0,93,50.7,-127.42,53.6,2.24
822,Letlhakeng,0,BW,1567106230.0,13,-24.1,25.03,68.09,1.32
823,Buraydah,0,SA,1567105828.0,16,26.33,43.97,98.6,4.7
824,Bolivar,40,CO,1567106231.0,48,4.34,-76.18,84.2,3.36
825,Praia da Vitoria,75,PT,1567106232.0,88,38.73,-27.07,73.4,10.07
826,Krasnaya Gorbatka,0,RU,1567106232.0,88,55.87,41.76,58.19,7.67
827,Southbridge,90,NZ,1567106233.0,89,-43.81,172.25,39.99,1.12
829,Port-Cartier,90,CA,1567106233.0,93,50.03,-66.88,59.0,18.34
831,Corner Brook,75,CA,1567106234.0,56,48.95,-57.95,71.6,6.93
832,Novo Aripuana,29,BR,1567106235.0,32,-5.12,-60.38,96.53,1.97
833,Rovaniemi,0,FI,1567106235.0,68,66.5,25.72,66.2,5.82
834,Mali,75,GN,1567106236.0,70,12.08,-12.3,84.2,4.7
835,Shieli,2,KZ,1567106236.0,43,44.18,66.74,64.49,17.69
836,Dhidhdhoo,100,MV,1567106236.0,67,6.88,73.1,82.85,19.77
837,Merrill,1,US,1567106237.0,53,42.03,-121.6,84.0,4.7
838,Nazas,32,MX,1567106238.0,45,25.22,-104.11,77.63,5.73
839,Beruwala,99,LK,1567106238.0,81,6.48,79.98,81.59,17.4
840,San Pedro de Macoris,20,DO,1567106092.0,52,18.46,-69.3,91.4,11.41
843,Alto Paraguai,7,BR,1567106239.0,14,-14.51,-56.48,105.53,2.46
844,Benguela,39,AO,1567105679.0,86,-12.58,13.4,69.89,8.93
845,Le Port,24,RE,1567106240.0,68,-20.94,55.29,71.6,12.75
846,Lewisporte,90,CA,1567106245.0,82,49.25,-55.06,60.01,4.7
847,Campbell River,40,CA,1567106104.0,56,50.02,-125.24,73.0,5.82
848,Gouyave,20,GD,1567106249.0,74,12.16,-61.73,87.8,11.41
849,Morehead,19,PG,1567106249.0,98,-8.71,141.64,68.09,3.04
850,Yulara,0,AU,1567106250.0,28,-25.24,130.99,44.6,4.7
851,Pirajui,0,BR,1567106251.0,37,-22.0,-49.46,84.99,11.41
852,Zyryanovsk,93,KZ,1567106251.0,35,49.74,84.27,66.11,3.91
855,Tougan,87,BF,1567106253.0,74,13.07,-3.07,79.97,5.1
856,Zabaykalsk,96,RU,1567106253.0,71,49.63,117.32,53.87,3.11
857,Komatipoort,38,ZA,1567106254.0,76,-25.43,31.95,64.0,4.21
858,Kalmunai,78,LK,1567106254.0,78,7.42,81.82,78.17,3.04
860,Puerto Castilla,40,HN,1567106255.0,59,16.02,-85.97,89.6,14.99
861,Caravelas,94,BR,1567106255.0,70,-17.73,-39.27,73.49,10.22
862,Arona,75,ES,1567106183.0,93,28.1,-16.68,77.0,19.46
863,Dalnerechensk,100,RU,1567106256.0,97,45.93,133.72,61.61,3.78
864,Kijang,93,ID,1567106256.0,94,0.9,104.63,78.8,3.36
865,Mandurah,90,AU,1567105978.0,77,-32.55,115.7,61.0,17.22
866,Palafrugell,20,ES,1567105970.0,61,41.92,3.16,82.99,6.93
867,Waingapu,3,ID,1567106257.0,88,-9.65,120.26,65.93,10.31
868,Altay,0,CN,1567105769.0,31,47.83,88.13,60.71,6.71
869,Central Point,1,US,1567106239.0,32,42.38,-122.91,88.0,1.43
870,Rodrigues Alves,75,BR,1567106258.0,52,-7.74,-72.65,91.4,5.82
872,Teguldet,67,RU,1567106259.0,85,57.31,88.17,53.87,8.48
873,Inta,100,RU,1567106259.0,82,66.04,60.13,42.35,8.57
874,Zapolyarnyy,0,RU,1567105803.0,77,69.43,30.82,64.4,23.04
876,Kisesa,20,TZ,1567106260.0,78,-2.55,33.05,75.2,13.87
877,Khatassy,0,RU,1567106261.0,93,61.91,129.64,42.8,4.47
878,Palauig,100,PH,1567106261.0,81,15.44,119.9,81.41,12.57
879,Hangu,0,CN,1567106262.0,49,39.25,117.8,71.6,13.42
880,Zirandaro,70,MX,1567106262.0,63,18.45,-100.98,88.79,1.57
881,Semey,72,KZ,1567106262.0,32,50.41,80.25,76.55,7.92
882,Adre,50,TD,1567106263.0,74,13.47,22.2,71.33,2.21
883,Spassk,9,RU,1567106263.0,84,53.93,43.19,55.85,9.35
884,Sosva,100,RU,1567106264.0,94,59.17,61.86,46.31,10.89
885,Tolbazy,90,RU,1567106264.0,81,54.01,55.89,46.4,13.42
886,Lichuan,88,CN,1567106265.0,72,30.3,108.94,62.33,4.63
888,Kautokeino,89,NO,1567106265.0,77,69.01,23.04,62.33,21.07
890,Kindu,87,CD,1567106266.0,78,-2.95,25.92,74.93,1.68
891,Zhob,91,PK,1567106266.0,43,31.34,69.45,76.55,7.09
893,Ailigandi,100,PA,1567106267.0,78,9.23,-78.02,83.21,4.5
894,Hyeres,0,FR,1567106267.0,69,43.12,6.14,84.0,4.7
895,Ouadda,88,CF,1567106268.0,93,8.07,22.4,69.53,1.9
896,Hirara,1,JP,1567105675.0,83,24.8,125.28,83.03,10.83
897,Seydisehir,25,TR,1567106269.0,38,37.42,31.85,69.17,8.39
898,Mandali,0,IQ,1567106270.0,10,33.75,45.55,99.05,11.86
900,Khilok,6,RU,1567106270.0,79,51.36,110.46,49.55,2.21
901,Dera Bugti,77,PK,1567106271.0,43,29.03,69.15,89.87,3.4
902,Ouesso,94,CG,1567106271.0,93,1.61,16.05,73.85,3.09
903,Kamennomostskiy,0,RU,1567106272.0,44,44.29,40.18,67.19,13.6
905,Panguna,95,PG,1567106272.0,85,-6.32,155.48,79.79,8.32
906,Camapua,66,BR,1567106273.0,20,-19.53,-54.04,92.03,4.92
907,Ivanteyevka,0,RU,1567106273.0,59,55.97,37.92,63.0,11.18
908,Necocli,40,CO,1567106274.0,70,8.42,-76.79,87.8,6.93
911,Angoram,77,PG,1567106275.0,97,-4.06,144.07,73.31,2.1
914,Bundaberg,5,AU,1567106276.0,93,-24.87,152.35,57.2,6.93
915,Cutervo,67,PE,1567106277.0,39,-6.38,-78.82,73.31,14.72
916,Bonanza,62,NI,1567106277.0,45,14.03,-84.62,87.71,5.1
917,Krasnyy Kut,76,RU,1567106278.0,31,47.1,40.67,60.53,10.09
918,Buy,77,RU,1567106278.0,96,58.48,41.53,54.05,7.27
919,Hefei,1,CN,1567106278.0,88,31.82,117.22,71.6,4.47
921,Imeni Zhelyabova,0,RU,1567106279.0,86,58.95,36.6,59.45,4.25
923,Dwarka,75,IN,1567106281.0,74,28.58,77.04,93.99,5.82
924,High Level,20,CA,1567105711.0,72,58.52,-117.13,59.0,4.7
925,Redlands,5,US,1567106282.0,31,34.06,-117.19,96.01,8.05
926,Lahij,0,YE,1567106282.0,43,13.06,44.88,91.85,14.67
927,North Branch,40,US,1567106283.0,46,45.51,-92.98,75.99,11.41
928,Falmouth,20,GB,1567106283.0,77,50.16,-5.07,62.6,12.75
929,Santa Maria,75,CV,1567106283.0,66,16.6,-22.9,86.0,10.29
932,Nuuk,5,GL,1567106284.0,26,64.17,-51.74,55.4,8.05
933,Jinchang,98,CN,1567106285.0,23,38.52,102.19,63.23,6.13
934,San Carlos del Zulia,76,VE,1567106285.0,52,9.0,-71.91,92.93,4.32
936,Pachperwa,99,IN,1567106286.0,76,27.52,82.65,83.39,5.61
937,Snezhnogorsk,0,RU,1567106286.0,77,69.19,33.23,59.0,6.71
939,Mezhdurechensk,61,RU,1567106287.0,87,53.69,88.07,59.27,2.39
940,Viramgam,75,IN,1567106287.0,83,23.12,72.05,84.2,4.7
941,Sambava,75,MG,1567106287.0,91,-14.27,50.17,66.29,2.39
942,Honiara,20,SB,1567106288.0,100,-9.43,159.96,71.6,5.82
943,Spanish Town,40,JM,1567106199.0,62,18.0,-76.95,87.8,4.7
944,Rangapara,100,IN,1567106289.0,86,26.82,92.69,75.65,3.29
945,Batagay-Alyta,100,RU,1567106289.0,74,67.8,130.41,31.55,1.07
946,Le Mars,1,US,1567106290.0,41,42.79,-96.17,82.4,10.29
947,Kaoma,77,ZM,1567106290.0,28,-14.8,24.8,77.45,5.23
948,Marawi,23,SD,1567106291.0,12,18.48,31.82,103.01,11.1
949,Sawakin,2,SD,1567106291.0,34,19.1,37.33,90.23,4.56
950,Taoudenni,51,ML,1567106291.0,20,22.68,-3.98,104.63,20.09
951,Khorixas,19,NA,1567106292.0,56,-20.37,14.96,55.13,3.85
952,Minab,0,IR,1567106292.0,63,27.15,57.07,95.0,11.41
953,Baiyin,40,CN,1567106292.0,67,36.55,104.13,62.6,2.24
954,Hay River,75,CA,1567106293.0,82,60.82,-115.79,55.4,6.93
955,Korgen,94,NO,1567106293.0,87,66.08,13.83,60.8,8.05
956,Lodeynoye Pole,45,RU,1567106294.0,80,60.73,33.55,56.93,0.98
957,Pemba,20,MZ,1567106294.0,83,-12.97,40.52,75.2,9.17
958,Rio Gallegos,40,AR,1567106294.0,42,-51.62,-69.22,48.2,34.45
959,Narok,100,KE,1567106295.0,87,-1.09,35.87,59.81,5.91
961,Salamiyah,1,SY,1567106295.0,55,35.01,37.05,78.71,7.18
962,Wilmington,1,US,1567106217.0,34,39.75,-75.55,84.0,11.41
963,Nhulunbuy,79,AU,1567106296.0,77,-12.18,136.78,62.6,3.36
964,Karratha,0,AU,1567106296.0,86,-20.74,116.85,64.31,6.17
966,Vanavara,10,RU,1567105793.0,87,60.35,102.28,47.39,2.73
967,Agadez,20,NE,1567106297.0,65,16.97,7.99,82.4,4.7
969,Cravo Norte,8,CO,1567106298.0,54,6.3,-70.2,89.87,5.75
970,Rabat,75,MA,1567106298.0,54,34.02,-6.83,78.8,2.24
971,Pochutla,75,MX,1567106299.0,49,15.74,-96.47,93.99,9.17
972,Fairbanks,75,US,1567106103.0,76,64.84,-147.72,53.01,1.81
973,Goiatuba,59,BR,1567106299.0,22,-18.02,-49.36,91.67,2.77
974,Mulanje,14,MW,1567106300.0,41,-16.03,35.5,70.25,7.47
976,Petropavlovka,0,RU,1567106300.0,57,50.61,105.32,45.95,1.57
977,Ambovombe,0,MG,1567106301.0,70,-25.18,46.09,71.51,10.6
979,Olathe,40,US,1567106052.0,55,38.88,-94.82,90.0,9.17
980,Palaia Fokaia,0,GR,1567106302.0,32,37.72,23.95,82.99,3.36
982,Huayucachi,3,PE,1567106302.0,36,-12.13,-75.23,55.49,6.98
983,Entre Rios,20,BO,1567106303.0,16,-21.53,-64.17,91.4,4.7
984,Telimele,100,GN,1567106303.0,98,10.9,-13.03,71.15,4.41
985,Reyes,20,BO,1567106304.0,52,-14.3,-67.34,95.0,4.7
988,Sergeyevka,96,KZ,1567106305.0,92,53.88,67.42,51.35,12.66
989,Koulamoutou,77,GA,1567106305.0,91,-1.13,12.47,73.13,1.97
990,Antalaha,96,MG,1567106305.0,98,-14.9,50.28,63.23,2.13
991,Rorvik,75,NO,1567105550.0,100,64.86,11.24,57.2,11.41
992,College,75,US,1567106306.0,76,64.86,-147.8,53.01,1.81
993,Kyzyl-Suu,41,KG,1567106307.0,67,42.34,78.0,69.53,3.13
995,Batemans Bay,6,AU,1567106307.0,66,-35.71,150.18,50.0,3.0
996,Wladyslawowo,0,PL,1567106308.0,82,54.79,18.4,71.01,2.24
998,Port-Gentil,75,GA,1567105805.0,83,-0.72,8.78,78.8,11.41
999,Juchitepec,20,MX,1567106309.0,31,19.11,-98.88,77.0,3.36
1000,Abja-Paluoja,93,EE,1567106309.0,76,58.13,25.36,68.0,3.0
1001,Toumodi,34,CI,1567106310.0,70,6.56,-5.02,84.0,5.99
1002,Meiringen,39,CH,1567106310.0,77,46.73,8.19,78.01,8.05
1003,Mwinilunga,75,ZM,1567106311.0,32,-11.73,24.43,70.79,2.71
1004,San Rafael del Sur,40,NI,1567106311.0,44,11.85,-86.44,93.2,18.34
1005,Sierra Vista,1,US,1567106311.0,45,31.55,-110.3,88.0,4.5
1007,Moyale,4,KE,1567106312.0,51,3.52,39.06,76.55,9.71
1008,Jiaozuo,0,CN,1567106312.0,57,35.21,113.25,64.49,2.57
1009,Wajima,99,JP,1567106313.0,75,37.4,136.9,76.91,6.22
1010,Voznesenye,2,RU,1567106313.0,81,61.02,35.48,59.81,4.29
1011,Hadsten,55,DK,1567106313.0,82,56.33,10.05,64.4,4.7
1012,Creel,82,MX,1567106314.0,38,27.75,-107.63,79.61,2.84
1014,Stillwater,20,US,1567106315.0,52,36.12,-97.06,93.0,12.75
1015,Wasilla,1,US,1567106158.0,58,61.58,-149.44,59.0,3.29
1016,Estelle,5,US,1567106315.0,39,32.87,-97.01,99.0,11.41
1017,Muros,20,ES,1567105791.0,78,42.77,-9.06,78.01,8.05
